DI,StructuralIntegrity,ExteriorCharm
0,6,Common
1,5,Common
2,5,Gleaming
3,5,Gleaming
4,6,Common
5,5,Common
6,5,Common
7,5,Gleaming
8,5,Gleaming
9,8,Modest
10,5,Common
11,6,Common
12,5,Gleaming
13,9,Common
14,8,Gleaming
15,5,Common
16,5,Gleaming
17,7,Common
18,5,Gleaming
19,8,Common
20,5,Common
21,5,Gleaming
22,5,Common
23,5,Common
24,5,Common
25,6,Common
26,6,Common
27,7,Common
28,8,Common
29,5,Gleaming
30,7,Common
31,6,Common
32,7,Gleaming
33,5,Gleaming
34,2,Common
35,5,Gleaming
36,5,Common
37,5,Common
38,6,Common
39,5,Common
40,5,Common
41,5,Gleaming
42,6,Common
43,5,Common
44,9,Enchanting
45,5,Common
46,6,Common
47,7,Common
48,5,Gleaming
49,5,Common
50,5,Common
51,5,Modest
52,6,Common
53,7,Common
54,5,Gleaming
55,5,Common
56,5,Enchanting
57,5,Gleaming
58,5,Common
59,5,Gleaming
60,6,Common
61,4,Modest
62,5,Gleaming
63,5,Common
64,7,Common
65,5,Common
66,5,Common
67,5,Common
68,7,Common
69,7,Gleaming
70,5,Common
71,5,Gleaming
72,6,Modest
73,6,Common
74,6,Common
75,7,Common
76,5,Common
77,6,Common
78,5,Gleaming
79,6,Common
80,5,Common
81,5,Gleaming
82,8,Common
83,5,Common
84,6,Common
85,2,Common
86,5,Common
87,5,Common
88,5,Common
89,5,Common
90,5,Gleaming
91,7,Gleaming
92,8,Common
93,5,Common
94,5,Gleaming
95,3,Common
96,5,Gleaming
97,7,Common
98,5,Gleaming
99,5,Enchanting
100,5,Gleaming
101,6,Common
102,6,Enchanting
103,8,Common
104,5,Gleaming
105,5,Common
106,6,Common
107,6,Common
108,5,Gleaming
109,4,Common
110,5,Common
111,5,Common
112,6,Common
113,3,Common
114,5,Gleaming
115,5,Enchanting
116,8,Common
117,5,Common
118,7,Common
119,5,Common
120,5,Gleaming
121,6,Common
122,6,Common
123,6,Common
124,5,Common
125,5,Gleaming
126,5,Common
127,5,Gleaming
128,8,Common
129,5,Common
130,5,Gleaming
131,5,Gleaming
132,5,Gleaming
133,7,Common
134,6,Common
135,7,Common
136,5,Gleaming
137,6,Common
138,5,Common
139,6,Common
140,5,Gleaming
141,5,Common
141,5,Common
142,5,Enchanting
143,5,Gleaming
144,5,Gleaming
145,5,Gleaming
146,5,Gleaming
147,6,Common
148,7,Gleaming
149,5,Gleaming
150,5,Enchanting
151,5,Common
152,6,Common
153,5,Gleaming
154,5,Gleaming
155,7,Common
155,7,Common
156,7,Common
156,7,Common
157,5,Enchanting
158,7,Common
159,8,Gleaming
160,5,Gleaming
161,3,Common
162,6,Common
163,7,Gleaming
164,7,Common
165,5,Gleaming
166,5,Gleaming
167,5,Common
168,6,Common
169,7,Common
170,6,Common
171,5,Common
172,5,Enchanting
173,5,Gleaming
174,5,Common
175,5,Gleaming
176,5,Common
177,7,Common
178,7,Common
179,7,Common
180,5,Common
181,4,Common
182,6,Common
183,5,Gleaming
184,5,Common
185,6,Common
186,7,Common
187,3,Common
188,5,Gleaming
189,7,Common
190,5,Common
191,7,Common
192,6,Gleaming
193,4,Common
194,4,Common
195,6,Common
196,6,Common
197,5,Gleaming
198,5,Gleaming
199,5,Gleaming
200,3,Common
201,7,Gleaming
202,5,Gleaming
203,6,Common
204,5,Common
205,6,Gleaming
206,7,Common
207,5,Enchanting
208,5,Gleaming
209,5,Gleaming
210,5,Common
211,8,Gleaming
212,5,Common
213,7,Common
214,5,Gleaming
215,5,Gleaming
216,5,Gleaming
217,5,Gleaming
218,5,Gleaming
219,6,Common
220,6,Gleaming
221,5,Gleaming
222,5,Gleaming
223,5,Gleaming
224,5,Gleaming
225,6,Gleaming
226,5,Enchanting
227,9,Gleaming
228,7,Common
229,7,Common
230,5,Common
231,7,Common
232,5,Common
233,9,Gleaming
234,5,Gleaming
235,6,Gleaming
236,6,Common
237,4,Gleaming
238,5,Common
239,5,Common
240,4,Common
241,5,Gleaming
242,6,Gleaming
243,8,Common
244,5,Enchanting
245,8,Common
246,5,Gleaming
247,8,Common
248,5,Gleaming
249,5,Gleaming
250,5,Gleaming
251,6,Common
252,5,Gleaming
253,9,Common
254,5,Common
255,7,Common
256,5,Common
257,5,Gleaming
258,7,Common
259,6,Common
260,5,Common
261,4,Common
262,6,Common
263,6,Common
264,5,Gleaming
265,7,Common
266,4,Common
267,7,Common
268,4,Modest
269,5,Gleaming
270,5,Gleaming
271,5,Gleaming
272,5,Enchanting
273,5,Gleaming
274,5,Gleaming
275,7,Common
276,5,Gleaming
277,5,Common
278,5,Common
279,5,Common
280,6,Common
281,5,Gleaming
282,5,Common
283,5,Common
284,5,Gleaming
285,6,Common
286,3,Modest
287,6,Common
288,5,Gleaming
289,5,Common
290,5,Gleaming
291,6,Common
292,9,Common
293,7,Common
294,5,Gleaming
295,5,Gleaming
296,6,Common
297,5,Gleaming
298,5,Common
299,5,Gleaming
300,4,Common
301,5,Gleaming
302,5,Common
303,5,Enchanting
304,5,Common
305,5,Common
306,5,Gleaming
307,5,Gleaming
308,1,Common
309,5,Enchanting
310,5,Common
311,7,Gleaming
312,6,Common
313,7,Common
314,4,Common
315,6,Common
316,3,Common
317,6,Common
318,5,Common
319,5,Common
320,5,Common
321,5,Common
322,5,Gleaming
323,6,Common
324,7,Common
325,5,Common
326,5,Common
327,6,Common
328,5,Common
329,6,Common
330,7,Common
331,5,Common
332,7,Common
333,6,Common
334,7,Common
335,5,Gleaming
336,6,Common
337,6,Common
338,5,Common
339,5,Common
340,6,Common
341,7,Common
342,5,Gleaming
343,4,Common
344,6,Gleaming
345,6,Common
346,6,Common
347,5,Gleaming
348,5,Common
349,5,Gleaming
350,5,Gleaming
351,6,Common
352,5,Common
353,5,Common
354,5,Common
355,5,Gleaming
356,5,Common
357,5,Gleaming
358,7,Common
359,5,Gleaming
360,3,Common
361,7,Common
362,4,Common
363,5,Common
364,5,Common
365,5,Common
366,5,Common
367,5,Common
368,4,Common
369,4,Common
370,5,Gleaming
371,4,Common
372,5,Common
373,5,Common
374,6,Common
375,5,Gleaming
376,5,Gleaming
377,5,Common
378,5,Enchanting
379,5,Gleaming
380,5,Gleaming
381,7,Common
382,8,Common
383,4,Common
384,6,Common
385,5,Common
386,5,Gleaming
387,8,Gleaming
388,6,Common
389,6,Common
390,5,Gleaming
391,5,Common
392,8,Gleaming
393,5,Gleaming
394,4,Common
395,3,Common
396,8,Common
397,6,Gleaming
398,5,Gleaming
399,5,Gleaming
400,5,Gleaming
401,5,Gleaming
402,7,Common
403,5,Gleaming
404,5,Common
405,5,Common
406,5,Enchanting
407,7,Common
408,5,Gleaming
409,5,Common
410,3,Common
411,5,Gleaming
412,6,Common
413,5,Common
414,6,Common
415,6,Common
416,5,Common
417,7,Common
418,6,Common
419,5,Common
420,5,Gleaming
421,5,Common
422,5,Common
423,6,Common
424,6,Common
425,6,Common
426,6,Common
427,6,Common
428,7,Common
429,5,Gleaming
430,6,Common
431,7,Gleaming
432,2,Gleaming
433,5,Gleaming
434,5,Gleaming
435,7,Common
436,6,Common
437,5,Gleaming
438,5,Common
439,3,Modest
440,8,Common
441,5,Common
442,5,Common
443,5,Gleaming
444,6,Common
445,4,Common
446,8,Common
447,7,Gleaming
448,5,Gleaming
449,8,Common
450,7,Common
451,5,Common
452,5,Gleaming
453,5,Common
454,7,Common
455,5,Gleaming
456,5,Gleaming
457,6,Common
458,5,Common
459,5,Common
460,5,Gleaming
461,6,Gleaming
462,5,Common
463,7,Common
464,6,Common
465,5,Common
466,7,Common
467,5,Gleaming
468,8,Common
469,5,Common
470,7,Common
471,7,Common
472,5,Common
473,6,Common
474,5,Common
475,8,Common
476,5,Common
477,6,Common
478,5,Gleaming
479,4,Common
480,5,Gleaming
481,5,Common
482,5,Gleaming
483,5,Gleaming
484,7,Common
485,5,Common
486,5,Gleaming
487,5,Gleaming
488,5,Common
489,6,Common
490,5,Common
491,5,Gleaming
492,6,Gleaming
493,5,Gleaming
494,6,Common
495,7,Common
496,8,Gleaming
497,6,Common
498,5,Common
499,5,Gleaming
500,6,Common
501,5,Common
502,6,Common
503,5,Gleaming
504,8,Common
505,7,Common
506,6,Common
507,6,Common
508,7,Common
509,4,Common
510,7,Gleaming
511,5,Gleaming
512,7,Common
513,8,Common
514,4,Common
515,7,Common
516,5,Enchanting
517,5,Gleaming
518,5,Gleaming
519,8,Common
520,6,Common
521,6,Common
522,6,Common
523,6,Gleaming
524,5,Enchanting
525,5,Enchanting
526,5,Common
527,5,Gleaming
528,5,Gleaming
529,6,Common
530,7,Common
531,6,Modest
532,5,Gleaming
533,6,Common
534,6,Common
535,6,Common
536,9,Common
537,5,Gleaming
538,5,Gleaming
539,5,Gleaming
540,5,Common
541,5,Gleaming
542,1,Common
543,5,Common
544,6,Common
545,8,Common
546,5,Gleaming
547,6,Common
548,6,Common
548,6,Common
549,5,Gleaming
550,7,Common
551,5,Common
552,7,Gleaming
553,5,Common
554,5,Common
555,5,Gleaming
556,7,Common
557,7,Common
558,6,Common
559,5,Gleaming
560,6,Common
561,5,Common
562,4,Common
563,5,Common
564,8,Common
565,4,Common
566,5,Gleaming
567,5,Gleaming
568,5,Gleaming
569,5,Gleaming
570,5,Gleaming
571,5,Common
572,5,Gleaming
573,5,Common
574,5,Common
575,5,Common
576,5,Common
577,3,Common
578,5,Gleaming
579,6,Common
580,7,Common
581,7,Common
582,5,Gleaming
583,5,Common
584,4,Common
585,5,Gleaming
586,5,Gleaming
587,5,Gleaming
588,5,Gleaming
589,5,Gleaming
590,6,Common
591,4,Common
592,5,Gleaming
593,6,Common
594,6,Common
595,5,Gleaming
596,6,Common
597,4,Common
598,5,Common
599,5,Common
600,5,Common
601,5,Common
602,5,Common
603,8,Common
604,5,Gleaming
605,4,Common
606,6,Common
607,8,Gleaming
608,6,Common
609,5,Gleaming
610,5,Gleaming
611,5,Gleaming
612,5,Gleaming
613,5,Common
614,5,Gleaming
615,9,Gleaming
616,6,Gleaming
617,5,Gleaming
618,6,Common
619,6,Common
620,5,Common
621,6,Common
622,5,Gleaming
623,5,Common
624,5,Gleaming
625,5,Common
626,7,Common
627,5,Common
628,5,Gleaming
629,5,Gleaming
630,5,Common
631,8,Common
632,7,Common
633,5,Gleaming
634,5,Common
635,7,Common
636,5,Gleaming
637,2,Modest
638,6,Common
639,6,Gleaming
640,6,Common
641,5,Common
642,5,Gleaming
643,6,Common
644,5,Gleaming
645,7,Common
646,5,Gleaming
647,6,Common
648,5,Common
649,5,Common
650,9,Gleaming
651,5,Common
652,5,Common
653,5,Gleaming
654,5,Common
655,5,Gleaming
656,5,Common
657,5,Enchanting
658,5,Gleaming
659,3,Common
660,5,Gleaming
661,5,Common
662,4,Common
663,6,Common
663,6,Common
664,6,Common
665,6,Common
666,3,Common
667,3,Common
668,5,Gleaming
669,6,Common
670,5,Enchanting
671,5,Gleaming
672,5,Common
673,6,Common
674,9,Gleaming
675,5,Common
676,5,Common
677,8,Common
678,7,Common
678,7,Common
679,5,Enchanting
680,5,Common
681,5,Common
682,5,Gleaming
683,5,Gleaming
684,5,Gleaming
685,8,Common
686,5,Gleaming
687,5,Gleaming
688,6,Gleaming
689,5,Common
690,5,Common
691,5,Gleaming
692,6,Common
693,4,Common
694,8,Common
695,5,Enchanting
696,6,Common
697,9,Common
698,6,Common
699,9,Enchanting
700,5,Gleaming
701,5,Common
702,8,Common
703,5,Common
704,3,Common
705,7,Common
706,7,Common
707,6,Common
708,5,Common
709,8,Gleaming
710,5,Gleaming
711,5,Gleaming
712,7,Common
713,7,Common
714,5,Gleaming
715,8,Common
716,5,Gleaming
717,6,Common
718,7,Common
719,7,Common
720,5,Gleaming
721,5,Gleaming
722,7,Common
723,8,Gleaming
724,5,Common
725,5,Gleaming
726,5,Common
727,5,Common
728,5,Common
729,5,Common
730,6,Common
731,5,Gleaming
732,5,Gleaming
733,5,Gleaming
734,5,Common
735,5,Enchanting
736,5,Enchanting
737,5,Common
738,5,Gleaming
739,7,Common
740,6,Common
741,5,Common
742,5,Gleaming
743,7,Common
744,5,Common
745,6,Common
746,6,Common
747,5,Common
748,6,Common
749,5,Common
750,5,Gleaming
751,5,Common
752,5,Gleaming
753,5,Gleaming
754,7,Common
755,5,Common
756,5,Common
757,5,Common
758,5,Gleaming
759,6,Common
760,6,Common
761,7,Common
762,5,Gleaming
763,6,Gleaming
764,7,Common
765,5,Gleaming
766,7,Common
767,5,Gleaming
768,7,Common
769,8,Common
770,4,Common
771,5,Enchanting
772,5,Gleaming
773,5,Gleaming
774,5,Gleaming
775,5,Enchanting
776,5,Gleaming
777,6,Common
778,5,Gleaming
779,6,Gleaming
780,8,Common
781,5,Gleaming
782,5,Common
783,7,Gleaming
784,5,Common
785,5,Common
786,6,Common
787,6,Common
788,5,Common
789,5,Common
790,5,Gleaming
791,5,Gleaming
792,3,Common
793,5,Common
794,5,Common
795,6,Common
796,5,Common
797,5,Gleaming
798,5,Common
799,5,Gleaming
800,5,Gleaming
801,8,Common
802,5,Common
803,7,Common
804,6,Common
805,5,Common
806,4,Common
807,5,Gleaming
808,7,Common
809,5,Enchanting
810,5,Gleaming
811,5,Gleaming
812,5,Enchanting
813,6,Common
814,4,Common
815,8,Common
816,5,Common
817,7,Common
818,5,Gleaming
819,7,Common
820,5,Common
821,5,Common
822,5,Common
823,7,Common
824,6,Gleaming
825,5,Gleaming
826,5,Gleaming
827,5,Gleaming
828,5,Common
829,5,Gleaming
830,5,Common
831,5,Common
832,5,Common
833,7,Common
834,5,Common
835,5,Gleaming
836,5,Common
837,5,Enchanting
838,6,Common
839,5,Enchanting
839,5,Enchanting
840,6,Gleaming
841,5,Gleaming
842,7,Common
843,5,Common
844,7,Common
845,8,Enchanting
846,4,Common
847,5,Common
848,5,Common
849,5,Common
850,5,Gleaming
851,7,Common
852,5,Common
853,7,Gleaming
854,5,Common
855,5,Common
856,5,Enchanting
857,6,Common
858,5,Gleaming
859,8,Common
860,5,Common
861,5,Gleaming
862,5,Gleaming
863,7,Gleaming
864,5,Common
865,7,Common
866,6,Common
867,5,Enchanting
868,5,Gleaming
869,5,Common
870,5,Common
871,4,Common
872,5,Gleaming
873,5,Gleaming
874,6,Common
875,5,Gleaming
876,5,Gleaming
877,6,Common
878,6,Common
879,5,Gleaming
880,8,Common
881,6,Common
882,5,Common
883,7,Common
884,5,Gleaming
885,5,Gleaming
886,6,Common
887,5,Common
888,6,Common
889,6,Common
890,7,Common
891,5,Common
892,7,Common
893,5,Common
894,6,Common
895,4,Common
896,5,Common
897,5,Common
898,7,Common
899,5,Gleaming
900,5,Common
901,5,Gleaming
902,7,Common
903,7,Gleaming
904,8,Gleaming
905,6,Common
906,6,Common
907,5,Common
908,5,Gleaming
909,8,Gleaming
910,5,Gleaming
911,6,Common
912,6,Common
913,5,Enchanting
914,5,Gleaming
915,4,Common
916,7,Common
917,7,Common
918,5,Gleaming
919,5,Gleaming
920,5,Common
921,7,Gleaming
922,5,Gleaming
923,5,Gleaming
924,7,Common
925,7,Common
926,5,Gleaming
927,5,Gleaming
927,5,Gleaming
928,6,Common
929,6,Common
930,5,Gleaming
931,5,Gleaming
932,5,Gleaming
933,6,Gleaming
934,5,Common
935,5,Common
936,6,Common
937,5,Common
938,5,Gleaming
939,6,Common
940,6,Common
941,5,Gleaming
942,7,Common
943,5,Gleaming
944,5,Enchanting
945,5,Gleaming
946,5,Gleaming
947,5,Gleaming
948,5,Common
949,8,Common
950,5,Gleaming
951,8,Common
952,5,Common
953,5,Common
954,6,Common
955,5,Gleaming
956,5,Common
957,6,Common
958,4,Common
959,6,Common
960,6,Common
961,6,Common
962,5,Gleaming
963,7,Common
964,5,Common
965,5,Common
966,6,Common
967,7,Common
968,6,Common
969,5,Gleaming
970,5,Common
971,7,Common
972,3,Common
973,4,Common
974,7,Common
975,5,Common
976,6,Common
977,5,Gleaming
978,5,Modest
979,3,Modest
980,5,Gleaming
981,9,Common
982,5,Common
983,9,Common
984,4,Common
985,3,Modest
986,5,Modest
987,6,Common
988,5,Gleaming
989,5,Gleaming
990,7,Common
991,5,Common
992,5,Gleaming
993,5,Gleaming
994,8,Gleaming
995,5,Common
996,5,Common
997,8,Gleaming
998,5,Common
999,7,Common
1000,5,Common
1001,5,Gleaming
1002,6,Common
1003,5,Gleaming
1004,5,Common
1005,7,Gleaming
1006,7,Modest
1007,5,Gleaming
1008,5,Gleaming
1009,5,Gleaming
1010,6,Common
1011,5,Common
1012,7,Common
1013,5,Gleaming
1014,7,Common
1015,5,Common
1016,8,Common
1017,6,Common
1018,5,Common
1019,7,Common
1020,8,Common
1021,5,Gleaming
1022,7,Common
1023,5,Common
1024,5,Gleaming
1025,8,Common
1026,5,Enchanting
1027,5,Gleaming
1028,5,Gleaming
1029,5,Common
1030,5,Enchanting
1031,5,Gleaming
1032,5,Common
1033,5,Gleaming
1034,7,Common
1035,5,Gleaming
1036,4,Common
1037,5,Gleaming
1038,7,Gleaming
1039,5,Gleaming
1040,5,Common
1041,6,Common
1042,5,Common
1043,5,Gleaming
1044,5,Gleaming
1045,7,Common
1046,5,Gleaming
1047,5,Gleaming
1048,5,Gleaming
1049,5,Common
1050,7,Common
1051,5,Common
1052,5,Gleaming
1053,5,Gleaming
1054,7,Common
1055,7,Common
1056,5,Common
1057,5,Common
1058,5,Common
1059,5,Gleaming
1060,5,Common
1061,5,Gleaming
1061,5,Gleaming
1062,5,Modest
1063,5,Common
1064,6,Common
1065,7,Common
1066,7,Common
1067,8,Common
1068,5,Common
1069,6,Common
1070,6,Common
1071,5,Gleaming
1072,6,Common
1073,5,Gleaming
1074,6,Common
1075,5,Common
1076,5,Gleaming
1077,5,Gleaming
1078,7,Common
1079,8,Gleaming
1080,7,Common
1081,5,Common
1082,5,Common
1083,5,Gleaming
1084,4,Common
1085,5,Gleaming
1086,6,Common
1086,6,Common
1087,5,Gleaming
1088,5,Common
1089,5,Common
1090,7,Common
1091,5,Common
1092,5,Common
1093,5,Common
1094,7,Common
1095,5,Gleaming
1096,5,Gleaming
1097,5,Common
1098,6,Common
1099,5,Gleaming
1100,5,Gleaming
1101,3,Common
1102,6,Common
1103,5,Gleaming
1104,7,Common
1105,5,Common
1106,5,Common
1107,7,Common
1108,5,Gleaming
1109,5,Common
1110,5,Gleaming
1111,7,Gleaming
1112,7,Common
1113,7,Common
1114,5,Gleaming
1115,6,Common
1116,5,Gleaming
1117,5,Gleaming
1118,6,Common
1119,5,Common
1120,5,Gleaming
1121,5,Common
1122,7,Common
1123,7,Common
1124,6,Common
1125,5,Gleaming
1126,5,Common
1127,5,Common
1128,3,Common
1129,5,Gleaming
1130,5,Gleaming
1131,5,Common
1132,7,Common
1133,5,Gleaming
1134,4,Common
1135,5,Gleaming
1136,6,Common
1137,5,Gleaming
1138,6,Gleaming
1139,7,Common
1140,9,Common
1141,5,Common
1142,5,Common
1143,5,Gleaming
1144,5,Common
1145,8,Common
1146,5,Gleaming
1147,5,Common
1148,7,Gleaming
1149,5,Gleaming
1150,4,Common
1151,6,Common
1152,5,Gleaming
1153,5,Gleaming
1154,6,Common
1155,8,Common
1156,5,Common
1157,7,Common
1158,3,Common
1159,6,Common
1160,5,Gleaming
1161,5,Gleaming
1162,5,Gleaming
1163,5,Gleaming
1164,6,Common
1165,8,Gleaming
1166,5,Gleaming
1167,5,Gleaming
1168,5,Common
1169,5,Gleaming
1170,5,Gleaming
1171,7,Common
1172,7,Common
1173,5,Gleaming
1174,4,Common
1175,4,Common
1176,5,Gleaming
1177,5,Common
1178,5,Common
1179,5,Gleaming
1180,5,Common
1181,5,Common
1182,9,Gleaming
1183,5,Gleaming
1184,5,Common
1185,5,Common
1186,4,Common
1187,5,Gleaming
1188,7,Common
1189,8,Common
1190,4,Common
1191,6,Common
1192,5,Gleaming
1193,5,Gleaming
1194,5,Common
1195,5,Common
1196,5,Gleaming
1197,8,Common
1198,5,Gleaming
1199,6,Common
1200,7,Gleaming
1201,5,Gleaming
1202,7,Common
1203,7,Common
1204,5,Common
1205,6,Gleaming
1206,6,Common
1207,8,Common
1208,5,Common
1209,7,Common
1210,5,Gleaming
1211,5,Common
1212,5,Common
1213,6,Gleaming
1213,6,Gleaming
1214,8,Common
1215,5,Common
1216,5,Gleaming
1217,7,Common
1218,5,Gleaming
1219,7,Common
1220,5,Gleaming
1221,5,Gleaming
1222,5,Gleaming
1223,5,Common
1224,5,Common
1225,5,Gleaming
1226,4,Common
1227,9,Gleaming
1228,5,Common
1229,9,Enchanting
1230,5,Enchanting
1231,6,Common
1232,5,Gleaming
1233,9,Common
1234,5,Common
1235,7,Common
1236,5,Common
1237,5,Common
1238,6,Common
1239,7,Common
1240,6,Common
1241,6,Modest
1242,8,Common
1243,7,Common
1244,4,Common
1245,5,Gleaming
1246,5,Gleaming
1247,5,Gleaming
1248,7,Common
1249,5,Common
1250,8,Common
1251,5,Gleaming
1252,7,Common
1253,6,Common
1254,5,Common
1255,6,Common
1256,5,Gleaming
1257,5,Gleaming
1258,5,Gleaming
1259,5,Gleaming
1260,5,Gleaming
1261,6,Common
1262,5,Common
1263,5,Enchanting
1264,5,Gleaming
1265,7,Common
1266,4,Common
1267,7,Common
1268,4,Common
1269,6,Common
1270,5,Gleaming
1271,5,Gleaming
1272,7,Common
1273,5,Common
1274,5,Gleaming
1275,7,Modest
1276,5,Common
1277,6,Common
1278,5,Gleaming
1279,5,Gleaming
1280,4,Modest
1281,6,Common
1282,5,Gleaming
1283,5,Modest
1284,5,Gleaming
1285,5,Gleaming
1286,5,Gleaming
1287,5,Gleaming
1288,5,Gleaming
1289,6,Common
1290,5,Common
1291,6,Common
1292,6,Common
1293,6,Common
1294,5,Gleaming
1295,6,Common
1296,4,Common
1297,7,Common
1298,5,Common
1299,5,Common
1300,5,Gleaming
1301,5,Common
1302,6,Common
1303,5,Enchanting
1304,5,Common
1305,5,Common
1306,5,Gleaming
1307,5,Gleaming
1308,7,Common
1309,5,Enchanting
1310,6,Common
1311,5,Common
1312,7,Common
1313,6,Gleaming
1314,6,Common
1315,6,Common
1316,7,Common
1317,6,Common
1318,5,Gleaming
1319,6,Common
1320,7,Common
1321,5,Gleaming
1322,7,Common
1323,8,Gleaming
1324,5,Common
1325,5,Common
1326,6,Common
1327,5,Common
1328,7,Common
1329,5,Common
1330,8,Common
1331,7,Gleaming
1332,5,Common
1333,5,Gleaming
1334,5,Gleaming
1335,5,Gleaming
1336,6,Common
1337,6,Common
1338,5,Common
1339,5,Gleaming
1340,6,Common
1341,5,Common
1342,7,Common
1343,5,Gleaming
1344,5,Gleaming
1345,7,Common
1346,5,Common
1347,5,Common
1348,5,Common
1349,6,Modest
1350,7,Gleaming
1351,5,Common
1352,5,Common
1353,5,Common
1354,7,Common
1355,6,Common
1356,5,Gleaming
1357,3,Common
1358,5,Common
1359,7,Common
1360,8,Gleaming
1361,5,Gleaming
1362,5,Common
1363,9,Gleaming
1364,5,Gleaming
1365,5,Gleaming
1366,5,Gleaming
1367,5,Common
1368,5,Gleaming
1369,5,Gleaming
1370,5,Common
1371,7,Common
1372,5,Enchanting
1373,6,Common
1374,5,Common
1375,5,Enchanting
1376,5,Gleaming
1377,5,Gleaming
1378,5,Common
1379,5,Gleaming
1380,5,Gleaming
1381,5,Gleaming
1382,5,Gleaming
1383,7,Gleaming
1384,5,Gleaming
1385,7,Common
1386,5,Common
1387,6,Common
1388,8,Common
1389,5,Gleaming
1390,6,Common
1391,5,Common
1392,5,Common
1393,5,Common
1394,7,Common
1395,5,Enchanting
1396,5,Common
1396,5,Common
1397,5,Enchanting
1398,5,Gleaming
1399,6,Common
1400,5,Gleaming
1401,4,Common
1402,5,Gleaming
1403,5,Gleaming
1404,7,Common
1405,5,Gleaming
1406,5,Common
1407,5,Gleaming
1408,7,Gleaming
1409,5,Gleaming
1410,6,Common
1411,5,Common
1412,5,Gleaming
1413,5,Common
1414,6,Common
1415,5,Common
1416,5,Common
1417,5,Common
1418,6,Common
1419,7,Common
1420,6,Common
1421,5,Common
1422,5,Gleaming
1423,5,Gleaming
1424,5,Gleaming
1425,5,Common
1426,7,Common
1427,6,Common
1428,6,Common
1429,7,Gleaming
1430,3,Common
1431,5,Gleaming
1432,5,Common
1433,5,Common
1434,5,Common
1435,6,Common
1436,7,Common
1437,5,Common
1438,7,Common
1439,5,Common
1440,4,Common
1441,5,Common
1442,5,Gleaming
1443,5,Gleaming
1443,5,Gleaming
1444,5,Enchanting
1445,7,Common
1446,6,Common
1447,5,Enchanting
1448,6,Common
1449,4,Modest
1450,4,Common
1451,5,Gleaming
1452,7,Common
1453,7,Common
1454,5,Gleaming
1455,5,Enchanting
1456,8,Common
1457,5,Gleaming
1458,5,Enchanting
1459,6,Common
1460,5,Gleaming
1461,5,Common
1462,8,Common
1463,5,Gleaming
1464,5,Gleaming
1465,8,Gleaming
1466,8,Common
1467,5,Enchanting
1468,6,Common
1469,7,Common
1470,5,Common
1471,5,Common
1472,5,Common
1473,5,Gleaming
1474,5,Gleaming
1475,5,Common
1476,5,Common
1477,3,Gleaming
1478,4,Common
1479,5,Gleaming
1480,5,Common
1481,5,Gleaming
1482,6,Common
1483,7,Common
1484,5,Common
1485,6,Common
1486,9,Gleaming
1487,3,Common
1488,6,Common
1489,5,Common
1490,7,Common
1491,5,Enchanting
1492,5,Common
1492,5,Common
1493,5,Gleaming
1494,5,Gleaming
1495,5,Enchanting
1496,5,Gleaming
1497,7,Common
1498,5,Common
1499,5,Gleaming
1500,5,Gleaming
1501,5,Enchanting
1502,4,Common
1503,6,Common
1504,5,Gleaming
1505,5,Gleaming
1506,5,Gleaming
1506,5,Gleaming
1507,5,Gleaming
1508,5,Common
1509,6,Common
1510,6,Common
1511,5,Gleaming
1512,5,Gleaming
1513,8,Common
1514,4,Common
1515,5,Common
1516,4,Common
1517,6,Common
1518,9,Enchanting
1519,6,Common
1520,5,Common
1521,5,Gleaming
1522,5,Gleaming
1523,5,Gleaming
1524,5,Gleaming
1525,5,Gleaming
1526,5,Common
1527,5,Common
1528,4,Common
1529,8,Enchanting
1530,5,Gleaming
1531,5,Gleaming
1532,8,Common
1533,7,Common
1534,5,Common
1535,5,Gleaming
1536,6,Common
1537,6,Common
1538,5,Common
1539,7,Common
1540,5,Gleaming
1541,7,Common
1542,5,Gleaming
1543,5,Common
1544,5,Gleaming
1545,6,Common
1546,5,Common
1547,5,Gleaming
1548,5,Gleaming
1549,6,Common
1550,6,Common
1551,7,Common
1552,5,Common
1553,1,Common
1554,5,Common
1555,7,Gleaming
1556,6,Common
1557,5,Common
1558,5,Common
1559,7,Common
1560,5,Gleaming
1561,6,Common
1562,6,Common
1563,6,Common
1564,5,Gleaming
1565,5,Gleaming
1566,5,Common
1567,5,Enchanting
1568,5,Common
1569,5,Common
1570,5,Common
1571,6,Common
1572,6,Common
1573,7,Common
1574,5,Common
1575,5,Gleaming
1576,7,Common
1577,6,Gleaming
1578,5,Gleaming
1579,5,Common
1580,5,Common
1581,5,Gleaming
1582,5,Common
1583,5,Common
1584,5,Gleaming
1585,5,Common
1586,8,Common
1587,5,Enchanting
1588,5,Gleaming
1588,5,Gleaming
1589,5,Gleaming
1590,5,Common
1591,5,Gleaming
1592,6,Common
1593,6,Common
1594,5,Common
1595,9,Gleaming
1596,5,Gleaming
1597,5,Common
1598,3,Common
1599,7,Common
1600,8,Common
1601,5,Gleaming
1602,5,Common
1603,5,Gleaming
1604,5,Gleaming
1605,6,Common
1606,5,Common
1607,5,Common
1608,5,Gleaming
1609,6,Common
1610,6,Common
1611,5,Gleaming
1612,5,Common
1613,6,Common
1613,6,Common
1614,5,Gleaming
1615,6,Common
1616,5,Common
1617,4,Common
1618,5,Gleaming
1619,7,Gleaming
1620,4,Common
1621,5,Gleaming
1622,6,Common
1623,6,Common
1624,7,Modest
1625,5,Gleaming
1626,5,Gleaming
1627,5,Gleaming
1628,5,Common
1629,4,Gleaming
1630,5,Common
1631,5,Common
1632,5,Gleaming
1633,6,Common
1634,5,Gleaming
1635,5,Common
1636,5,Gleaming
1637,4,Common
1637,4,Common
1638,6,Common
1639,5,Common
1640,5,Gleaming
1641,6,Common
1642,5,Enchanting
1643,5,Common
1644,5,Gleaming
1645,7,Common
1646,8,Common
1647,6,Common
1648,6,Common
1649,5,Common
1650,6,Common
1651,6,Common
1652,4,Common
1653,5,Gleaming
1654,6,Common
1655,6,Common
1656,8,Common
1657,5,Common
1658,5,Gleaming
1659,5,Common
1660,3,Modest
1661,4,Common
1662,5,Enchanting
1663,5,Gleaming
1664,7,Common
1665,5,Common
1666,5,Common
1667,5,Enchanting
1668,9,Gleaming
1669,6,Common
1670,5,Gleaming
1671,5,Common
1672,5,Common
1673,4,Common
1674,5,Gleaming
1675,5,Common
1676,5,Gleaming
1677,5,Gleaming
1678,5,Common
1679,5,Gleaming
1680,5,Common
1681,7,Common
1682,5,Common
1682,5,Common
1683,5,Common
1683,5,Common
1684,5,Gleaming
1685,5,Common
1686,5,Common
1687,3,Common
1688,8,Common
1689,5,Enchanting
1690,6,Common
1691,5,Common
1692,5,Gleaming
1693,5,Gleaming
1694,5,Gleaming
1695,5,Common
1696,6,Common
1697,5,Gleaming
1698,5,Common
1699,7,Gleaming
1700,5,Common
1701,5,Common
1702,5,Gleaming
1703,6,Common
1704,5,Gleaming
1705,7,Common
1706,6,Common
1707,5,Common
1708,7,Gleaming
1709,5,Gleaming
1710,9,Common
1711,6,Common
1712,5,Common
1713,5,Gleaming
1714,5,Common
1715,6,Common
1716,5,Gleaming
1717,4,Common
1718,6,Common
1719,7,Common
1720,5,Gleaming
1721,5,Common
1722,6,Common
1723,5,Gleaming
1724,6,Common
1725,7,Common
1726,5,Common
1727,5,Common
1728,5,Gleaming
1729,6,Common
1730,5,Common
1731,7,Gleaming
1732,5,Gleaming
1733,5,Common
1734,3,Common
1735,9,Common
1736,7,Common
1737,6,Common
1738,5,Gleaming
1739,6,Common
1740,5,Enchanting
1741,6,Common
1742,6,Common
1743,5,Common
1744,5,Gleaming
1745,6,Common
1746,5,Common
1747,5,Common
1748,5,Gleaming
1749,6,Common
1750,5,Gleaming
1751,5,Gleaming
1752,7,Common
1753,5,Common
1754,6,Common
1755,5,Common
1756,5,Gleaming
1757,6,Common
1758,7,Common
1759,5,Gleaming
1760,7,Common
1761,6,Common
1762,6,Common
1763,5,Common
1764,5,Gleaming
1765,6,Common
1766,5,Gleaming
1767,5,Gleaming
1768,5,Gleaming
1769,6,Common
1770,5,Gleaming
1771,5,Gleaming
1772,5,Gleaming
1773,5,Common
1774,7,Gleaming
1775,5,Gleaming
1776,6,Common
1777,7,Common
1778,5,Common
1779,7,Common
1780,5,Gleaming
1781,5,Gleaming
1782,6,Common
1783,4,Common
1784,8,Common
1785,5,Common
1786,5,Common
1787,5,Enchanting
1788,5,Common
1789,3,Common
1790,5,Enchanting
1791,8,Common
1792,6,Common
1793,8,Common
1794,5,Gleaming
1795,5,Common
1796,5,Enchanting
1797,5,Enchanting
1798,5,Gleaming
1799,7,Common
1800,5,Common
1801,5,Gleaming
1802,2,Common
1803,5,Common
1804,7,Common
1805,5,Common
1806,5,Common
1807,6,Common
1808,5,Common
1809,5,Common
1810,5,Common
1811,5,Gleaming
1812,5,Common
1813,5,Common
1814,6,Common
1815,5,Common
1816,7,Common
1817,6,Gleaming
1818,5,Common
1819,6,Common
1820,7,Common
1821,5,Gleaming
1822,5,Common
1823,5,Enchanting
1824,6,Common
1825,5,Gleaming
1826,7,Common
1827,8,Common
1828,5,Common
1829,5,Gleaming
1830,5,Gleaming
1831,8,Gleaming
1832,5,Common
1833,8,Gleaming
1834,5,Common
1835,5,Gleaming
1836,5,Common
1837,6,Common
1838,7,Common
1839,7,Gleaming
1840,6,Common
1841,9,Gleaming
1842,6,Common
1843,8,Gleaming
1844,5,Gleaming
1845,8,Common
1846,7,Common
1847,5,Gleaming
1848,6,Common
1849,2,Common
1850,8,Common
1851,6,Gleaming
1852,6,Common
1853,6,Common
1854,5,Common
1855,5,Common
1856,5,Gleaming
1857,5,Gleaming
1858,8,Common
1859,4,Common
1860,5,Gleaming
1861,5,Gleaming
1862,6,Common
1863,5,Gleaming
1864,5,Gleaming
1865,5,Common
1866,6,Common
1867,5,Common
1868,5,Common
1869,5,Enchanting
1870,5,Enchanting
1871,6,Common
1872,7,Common
1873,5,Gleaming
1874,5,Common
1875,5,Gleaming
1876,5,Common
1877,7,Common
1878,9,Common
1879,5,Common
1880,5,Gleaming
1881,5,Common
1882,5,Common
1883,5,Gleaming
1884,6,Common
1885,5,Gleaming
1886,6,Common
1887,3,Common
1888,5,Gleaming
1889,5,Enchanting
1890,5,Common
1891,5,Gleaming
1892,5,Gleaming
1893,7,Gleaming
1894,5,Enchanting
1895,6,Common
1896,5,Gleaming
1897,6,Common
1898,6,Common
1899,9,Common
1900,5,Gleaming
1901,5,Enchanting
1902,5,Common
1903,5,Gleaming
1904,5,Common
1905,6,Common
1906,5,Common
1907,6,Common
1908,5,Gleaming
1909,5,Enchanting
1910,5,Common
1911,7,Common
1912,7,Common
1913,5,Common
1914,5,Common
1915,6,Common
1916,6,Common
1917,5,Gleaming
1918,5,Common
1919,5,Common
1920,6,Common
1921,5,Gleaming
1922,5,Gleaming
1923,7,Common
1924,5,Common
1925,5,Common
1926,5,Gleaming
1927,7,Common
1928,6,Gleaming
1929,5,Common
1930,5,Gleaming
1931,5,Gleaming
1932,6,Common
1933,5,Common
1934,6,Common
1935,5,Enchanting
1936,5,Enchanting
1937,5,Common
1938,5,Gleaming
1939,5,Gleaming
1940,5,Common
1941,6,Common
1942,5,Common
1943,3,Common
1944,6,Common
1945,5,Gleaming
1946,5,Gleaming
1947,5,Gleaming
1948,9,Common
1949,5,Gleaming
1950,5,Common
1951,7,Common
1952,6,Common
1953,6,Common
1954,5,Gleaming
1955,5,Common
1956,5,Gleaming
1957,5,Common
1958,5,Common
1959,7,Common
1960,6,Common
1961,8,Common
1962,3,Common
1963,5,Gleaming
1964,8,Common
1965,8,Gleaming
1966,7,Common
1967,5,Gleaming
1968,5,Common
1969,5,Common
1970,6,Common
1971,5,Common
1972,5,Gleaming
1973,8,Common
1974,5,Common
1975,8,Common
1976,5,Common
1977,7,Common
1978,5,Gleaming
1979,8,Common
1980,5,Enchanting
1981,5,Gleaming
1982,5,Common
1983,7,Common
1984,6,Common
1985,7,Common
1986,5,Common
1987,5,Common
1988,5,Gleaming
1989,5,Gleaming
1990,5,Common
1991,5,Gleaming
1992,6,Common
1993,5,Common
1994,5,Enchanting
1995,8,Gleaming
1996,2,Common
1997,7,Common
1998,5,Common
1999,5,Gleaming
2000,5,Gleaming
2001,5,Common
2002,5,Common
2003,5,Gleaming
2004,6,Gleaming
2005,5,Gleaming
2006,5,Enchanting
2007,5,Gleaming
2008,6,Common
2009,5,Gleaming
2010,5,Common
2011,5,Common
2012,5,Gleaming
2013,6,Common
2014,5,Common
2015,7,Gleaming
2016,7,Common
2017,5,Common
2018,5,Gleaming
2019,7,Common
2020,7,Common
2021,5,Common
2022,5,Gleaming
2023,5,Gleaming
2024,5,Common
2025,5,Common
2026,5,Common
2027,8,Common
2028,5,Gleaming
2029,7,Common
2030,5,Gleaming
2031,5,Gleaming
2032,5,Gleaming
2033,5,Common
2034,5,Common
2035,5,Gleaming
2036,5,Gleaming
2037,5,Common
2038,8,Common
2039,5,Common
2040,5,Gleaming
2041,5,Common
2042,8,Common
2043,5,Gleaming
2044,5,Common
2045,6,Common
2046,5,Gleaming
2047,5,Gleaming
2048,5,Gleaming
2049,5,Common
2050,5,Common
2051,6,Common
2052,5,Common
2053,5,Gleaming
2054,5,Common
2055,8,Common
2056,5,Gleaming
2057,5,Gleaming
2058,7,Common
2059,5,Gleaming
2060,5,Gleaming
2061,5,Gleaming
2062,7,Gleaming
2063,5,Common
2064,8,Common
2065,8,Common
2066,7,Common
2067,7,Common
2068,6,Gleaming
2069,6,Gleaming
2070,6,Gleaming
2071,6,Common
2072,7,Common
2073,6,Common
2074,7,Common
2074,7,Common
2075,4,Common
2076,5,Common
2077,5,Common
2078,7,Common
2079,5,Common
2080,7,Common
2081,5,Gleaming
2082,6,Common
2083,5,Gleaming
2084,5,Gleaming
2085,7,Gleaming
2086,5,Gleaming
2087,7,Common
2088,6,Common
2089,6,Common
2090,6,Common
2091,6,Common
2092,6,Common
2093,8,Common
2094,5,Common
2095,5,Gleaming
2096,5,Gleaming
2097,5,Common
2098,8,Common
2099,5,Common
2100,7,Common
2101,6,Common
2102,5,Gleaming
2103,5,Gleaming
2104,5,Common
2105,6,Common
2106,5,Common
2107,5,Gleaming
2108,5,Gleaming
2109,7,Common
2110,8,Gleaming
2111,5,Gleaming
2112,5,Common
2113,5,Gleaming
2114,6,Common
2115,5,Gleaming
2116,7,Common
2117,7,Gleaming
2118,7,Common
2119,7,Common
2120,5,Enchanting
2121,6,Gleaming
2122,5,Gleaming
2123,5,Gleaming
2124,5,Common
2125,6,Common
2126,6,Common
2127,6,Common
2128,7,Common
2129,5,Common
2130,7,Common
2131,5,Gleaming
2132,5,Gleaming
2133,5,Gleaming
2134,8,Common
2135,5,Gleaming
2136,7,Common
2137,5,Gleaming
2138,6,Common
2139,6,Common
2140,9,Enchanting
2141,5,Common
2142,5,Common
2143,6,Common
2144,5,Common
2145,6,Common
2146,5,Common
2147,5,Gleaming
2148,8,Common
2149,7,Common
2150,6,Common
2151,4,Common
2152,5,Gleaming
2153,5,Gleaming
2154,5,Gleaming
2155,5,Common
2156,4,Common
2157,6,Common
2158,4,Gleaming
2159,5,Common
2160,7,Modest
2161,7,Common
2162,5,Gleaming
2163,5,Common
2164,3,Common
2165,5,Gleaming
2166,5,Gleaming
2167,5,Gleaming
2168,5,Gleaming
2169,8,Common
2170,5,Gleaming
2171,5,Gleaming
2172,9,Gleaming
2173,6,Common
2174,7,Common
2175,5,Gleaming
2176,4,Common
2177,5,Enchanting
2178,5,Common
2179,5,Common
2180,5,Common
2181,8,Common
2182,5,Enchanting
2183,5,Common
2184,6,Common
2185,5,Common
2186,8,Common
2187,5,Common
2188,5,Gleaming
2189,5,Common
2190,5,Gleaming
2190,5,Gleaming
2191,6,Common
2192,5,Enchanting
2193,8,Common
2194,4,Modest
2195,3,Modest
2196,5,Gleaming
2197,6,Common
2198,9,Gleaming
2199,5,Common
2200,3,Common
2201,5,Common
2202,5,Common
2203,6,Common
2204,5,Gleaming
2205,5,Common
2206,5,Gleaming
2207,6,Common
2208,5,Gleaming
2209,5,Common
2210,5,Modest
2211,3,Common
2212,5,Gleaming
2213,5,Gleaming
2214,5,Common
2215,7,Common
2216,7,Common
2217,8,Common
2218,7,Common
2219,5,Common
2220,5,Gleaming
2221,5,Gleaming
2222,6,Gleaming
2223,6,Gleaming
2224,7,Common
2225,8,Common
2226,5,Gleaming
2227,5,Gleaming
2228,5,Gleaming
2229,6,Common
2230,5,Common
2231,5,Common
2232,5,Common
2233,6,Common
2234,5,Gleaming
2235,7,Common
2236,7,Common
2237,5,Gleaming
2238,6,Common
2239,5,Common
2240,5,Gleaming
2241,6,Common
2242,7,Common
2243,6,Common
2244,5,Enchanting
2245,5,Common
2246,7,Common
2247,5,Gleaming
2248,5,Gleaming
2249,6,Gleaming
2250,7,Gleaming
2250,7,Gleaming
2251,6,Common
2252,5,Common
2253,5,Enchanting
2254,6,Common
2255,5,Enchanting
2256,5,Gleaming
2257,5,Common
2258,6,Common
2259,5,Common
2260,6,Common
2261,5,Common
2262,6,Common
2263,6,Common
2264,8,Common
2265,4,Gleaming
2266,5,Common
2267,6,Common
2268,6,Common
2269,5,Gleaming
2270,5,Common
2271,9,Gleaming
2272,5,Gleaming
2273,7,Common
2274,7,Common
2275,6,Common
2276,3,Common
2277,7,Gleaming
2278,5,Common
2279,4,Common
2280,5,Enchanting
2281,7,Common
2282,6,Common
2283,5,Gleaming
2284,5,Gleaming
2285,5,Common
2286,7,Common
2287,5,Common
2288,7,Common
2289,5,Common
2290,5,Common
2291,6,Common
2292,5,Gleaming
2293,5,Common
2294,5,Gleaming
2295,5,Gleaming
2296,5,Gleaming
2297,6,Common
2298,5,Enchanting
2299,5,Gleaming
2300,5,Gleaming
2301,3,Gleaming
2302,5,Gleaming
2303,5,Gleaming
2304,8,Common
2305,5,Gleaming
2306,5,Common
2307,5,Common
2308,7,Common
2309,5,Gleaming
2310,5,Gleaming
2311,5,Common
2312,6,Common
2313,7,Common
2314,5,Common
2315,6,Common
2316,7,Common
2317,5,Gleaming
2318,5,Common
2319,7,Common
2320,6,Common
2321,5,Common
2322,5,Common
2323,5,Common
2324,7,Common
2325,5,Common
2326,9,Common
2327,5,Common
2328,5,Common
2329,6,Gleaming
2330,5,Common
2331,7,Common
2332,5,Enchanting
2333,5,Common
2334,5,Enchanting
2335,5,Gleaming
2336,5,Common
2337,5,Common
2338,5,Gleaming
2339,5,Gleaming
